﻿{"CUSTOMER_ID":"286","FULL_NAME":"Wilfred Welch","EMAIL_ADDRESS":"wilfred.welch@internalmail"}
{"CUSTOMER_ID":"287","FULL_NAME":"Kristina Nunez","EMAIL_ADDRESS":"kristina.nunez@internalmail"}
{"CUSTOMER_ID":"288","FULL_NAME":"Mable Ballard","EMAIL_ADDRESS":"mable.ballard@internalmail"}
{"CUSTOMER_ID":"289","FULL_NAME":"Diane Wilkerson","EMAIL_ADDRESS":"diane.wilkerson@internalmail"}
{"CUSTOMER_ID":"290","FULL_NAME":"Sheryl Banks","EMAIL_ADDRESS":"sheryl.banks@internalmail"}
{"CUSTOMER_ID":"291","FULL_NAME":"Opal Cruz","EMAIL_ADDRESS":"opal.cruz@internalmail"}
{"CUSTOMER_ID":"292","FULL_NAME":"Dale Hughes","EMAIL_ADDRESS":"dale.hughes@internalmail"}
{"CUSTOMER_ID":"293","FULL_NAME":"Diana Fowler","EMAIL_ADDRESS":"diana.fowler@internalmail"}
{"CUSTOMER_ID":"294","FULL_NAME":"Travis Schwartz","EMAIL_ADDRESS":"travis.schwartz@internalmail"}
{"CUSTOMER_ID":"295","FULL_NAME":"Anthony Boone","EMAIL_ADDRESS":"anthony.boone@internalmail"}
{"CUSTOMER_ID":"296","FULL_NAME":"Tim Harmon","EMAIL_ADDRESS":"tim.harmon@internalmail"}
{"CUSTOMER_ID":"297","FULL_NAME":"Kristin Brooks","EMAIL_ADDRESS":"kristin.brooks@internalmail"}
{"CUSTOMER_ID":"298","FULL_NAME":"Kathy Dennis","EMAIL_ADDRESS":"kathy.dennis@internalmail"}
{"CUSTOMER_ID":"299","FULL_NAME":"Vickie James","EMAIL_ADDRESS":"vickie.james@internalmail"}
{"CUSTOMER_ID":"300","FULL_NAME":"Sandra Bass","EMAIL_ADDRESS":"sandra.bass@internalmail"}
{"CUSTOMER_ID":"301","FULL_NAME":"Nelson Tate","EMAIL_ADDRESS":"nelson.tate@internalmail"}
{"CUSTOMER_ID":"302","FULL_NAME":"Tiffany Pena","EMAIL_ADDRESS":"tiffany.pena@internalmail"}
{"CUSTOMER_ID":"303","FULL_NAME":"Jeannette Hunt","EMAIL_ADDRESS":"jeannette.hunt@internalmail"}
{"CUSTOMER_ID":"304","FULL_NAME":"Willie Cunningham","EMAIL_ADDRESS":"willie.cunningham@internalmail"}
{"CUSTOMER_ID":"305","FULL_NAME":"Paulette Byrd","EMAIL_ADDRESS":"paulette.byrd@internalmail"}
{"CUSTOMER_ID":"306","FULL_NAME":"Tasha Cobb","EMAIL_ADDRESS":"tasha.cobb@internalmail"}
{"CUSTOMER_ID":"307","FULL_NAME":"Eloise Burton","EMAIL_ADDRESS":"eloise.burton@internalmail"}
{"CUSTOMER_ID":"308","FULL_NAME":"Felix Fox","EMAIL_ADDRESS":"felix.fox@internalmail"}
{"CUSTOMER_ID":"309","FULL_NAME":"Gary Barton","EMAIL_ADDRESS":"gary.barton@internalmail"}
{"CUSTOMER_ID":"310","FULL_NAME":"Tracy Mcbride","EMAIL_ADDRESS":"tracy.mcbride@internalmail"}
{"CUSTOMER_ID":"311","FULL_NAME":"Lorita Koenig","EMAIL_ADDRESS":"lorita.koenig@internalmail"}
{"CUSTOMER_ID":"312","FULL_NAME":"Kaleigh Meade","EMAIL_ADDRESS":"kaleigh.meade@internalmail"}
{"CUSTOMER_ID":"313","FULL_NAME":"Lexie Magee","EMAIL_ADDRESS":"lexie.magee@internalmail"}
{"CUSTOMER_ID":"314","FULL_NAME":"Landon Neville","EMAIL_ADDRESS":"landon.neville@internalmail"}
{"CUSTOMER_ID":"315","FULL_NAME":"Lillia Talbott","EMAIL_ADDRESS":"lillia.talbott@internalmail"}
{"CUSTOMER_ID":"316","FULL_NAME":"Dinah Paredes","EMAIL_ADDRESS":"dinah.paredes@internalmail"}
{"CUSTOMER_ID":"317","FULL_NAME":"Mercy Whiting","EMAIL_ADDRESS":"mercy.whiting@internalmail"}
{"CUSTOMER_ID":"318","FULL_NAME":"Thomas Huddleston","EMAIL_ADDRESS":"thomas.huddleston@internalmail"}
{"CUSTOMER_ID":"319","FULL_NAME":"Rubi Carlisle","EMAIL_ADDRESS":"rubi.carlisle@internalmail"}
{"CUSTOMER_ID":"320","FULL_NAME":"Vivien Cameron","EMAIL_ADDRESS":"vivien.cameron@internalmail"}
{"CUSTOMER_ID":"321","FULL_NAME":"Maia Leggett","EMAIL_ADDRESS":"maia.leggett@internalmail"}
{"CUSTOMER_ID":"322","FULL_NAME":"Florencia Kohler","EMAIL_ADDRESS":"florencia.kohler@internalmail"}
{"CUSTOMER_ID":"323","FULL_NAME":"Lucila Heck","EMAIL_ADDRESS":"lucila.heck@internalmail"}
{"CUSTOMER_ID":"324","FULL_NAME":"Kendrick Caraballo","EMAIL_ADDRESS":"kendrick.caraballo@internalmail"}
{"CUSTOMER_ID":"325","FULL_NAME":"Annemarie Pinckney","EMAIL_ADDRESS":"annemarie.pinckney@internalmail"}
{"CUSTOMER_ID":"326","FULL_NAME":"Carmella Avalos","EMAIL_ADDRESS":"carmella.avalos@internalmail"}
{"CUSTOMER_ID":"327","FULL_NAME":"Jules Ruffin","EMAIL_ADDRESS":"jules.ruffin@internalmail"}
{"CUSTOMER_ID":"328","FULL_NAME":"Tish Stapleton","EMAIL_ADDRESS":"tish.stapleton@internalmail"}
{"CUSTOMER_ID":"329","FULL_NAME":"Elin Seidel","EMAIL_ADDRESS":"elin.seidel@internalmail"}
{"CUSTOMER_ID":"330","FULL_NAME":"Shawn Sorenson","EMAIL_ADDRESS":"shawn.sorenson@internalmail"}
{"CUSTOMER_ID":"331","FULL_NAME":"Winfred August","EMAIL_ADDRESS":"winfred.august@internalmail"}
{"CUSTOMER_ID":"332","FULL_NAME":"Virgie Breeden","EMAIL_ADDRESS":"virgie.breeden@internalmail"}
{"CUSTOMER_ID":"333","FULL_NAME":"Ericka Oconner","EMAIL_ADDRESS":"ericka.oconner@internalmail"}
{"CUSTOMER_ID":"334","FULL_NAME":"Cheree Kemp","EMAIL_ADDRESS":"cheree.kemp@internalmail"}
{"CUSTOMER_ID":"335","FULL_NAME":"Rayford Salley","EMAIL_ADDRESS":"rayford.salley@internalmail"}
{"CUSTOMER_ID":"336","FULL_NAME":"Zulma Olds","EMAIL_ADDRESS":"zulma.olds@internalmail"}
{"CUSTOMER_ID":"337","FULL_NAME":"Salena Wadsworth","EMAIL_ADDRESS":"salena.wadsworth@internalmail"}
{"CUSTOMER_ID":"338","FULL_NAME":"Mohammad Cervantes","EMAIL_ADDRESS":"mohammad.cervantes@internalmail"}
{"CUSTOMER_ID":"339","FULL_NAME":"Tanja Vanover","EMAIL_ADDRESS":"tanja.vanover@internalmail"}
{"CUSTOMER_ID":"340","FULL_NAME":"Lonnie Colby","EMAIL_ADDRESS":"lonnie.colby@internalmail"}
{"CUSTOMER_ID":"341","FULL_NAME":"Monte Calloway","EMAIL_ADDRESS":"monte.calloway@internalmail"}
{"CUSTOMER_ID":"342","FULL_NAME":"Melisa Banda","EMAIL_ADDRESS":"melisa.banda@internalmail"}
{"CUSTOMER_ID":"343","FULL_NAME":"Gisela Costello","EMAIL_ADDRESS":"gisela.costello@internalmail"}
{"CUSTOMER_ID":"344","FULL_NAME":"Libby Krauss","EMAIL_ADDRESS":"libby.krauss@internalmail"}
{"CUSTOMER_ID":"345","FULL_NAME":"Mireille Pauley","EMAIL_ADDRESS":"mireille.pauley@internalmail"}
{"CUSTOMER_ID":"346","FULL_NAME":"Hassie Grogan","EMAIL_ADDRESS":"hassie.grogan@internalmail"}
{"CUSTOMER_ID":"347","FULL_NAME":"Chi Mcwhorter","EMAIL_ADDRESS":"chi.mcwhorter@internalmail"}
{"CUSTOMER_ID":"348","FULL_NAME":"Connie Delagarza","EMAIL_ADDRESS":"connie.delagarza@internalmail"}
{"CUSTOMER_ID":"349","FULL_NAME":"Britney Gable","EMAIL_ADDRESS":"britney.gable@internalmail"}
{"CUSTOMER_ID":"350","FULL_NAME":"Lorilee Bautista","EMAIL_ADDRESS":"lorilee.bautista@internalmail"}
{"CUSTOMER_ID":"351","FULL_NAME":"Anisa Kurtz","EMAIL_ADDRESS":"anisa.kurtz@internalmail"}
{"CUSTOMER_ID":"352","FULL_NAME":"Maryalice Evers","EMAIL_ADDRESS":"maryalice.evers@internalmail"}
{"CUSTOMER_ID":"353","FULL_NAME":"Andria Myles","EMAIL_ADDRESS":"andria.myles@internalmail"}
{"CUSTOMER_ID":"354","FULL_NAME":"Dede Bundy","EMAIL_ADDRESS":"dede.bundy@internalmail"}
{"CUSTOMER_ID":"355","FULL_NAME":"Twila Hilliard","EMAIL_ADDRESS":"twila.hilliard@internalmail"}
{"CUSTOMER_ID":"356","FULL_NAME":"Gene Mcginnis","EMAIL_ADDRESS":"gene.mcginnis@internalmail"}
{"CUSTOMER_ID":"357","FULL_NAME":"Shaquana Carney","EMAIL_ADDRESS":"shaquana.carney@internalmail"}
{"CUSTOMER_ID":"358","FULL_NAME":"Gita Dobbs","EMAIL_ADDRESS":"gita.dobbs@internalmail"}
{"CUSTOMER_ID":"359","FULL_NAME":"Dorathy Hutchings","EMAIL_ADDRESS":"dorathy.hutchings@internalmail"}
{"CUSTOMER_ID":"360","FULL_NAME":"Shirley Ward","EMAIL_ADDRESS":"shirley.ward@internalmail"}
{"CUSTOMER_ID":"361","FULL_NAME":"Frank Perez","EMAIL_ADDRESS":"frank.perez@internalmail"}
{"CUSTOMER_ID":"362","FULL_NAME":"Barbara Allen","EMAIL_ADDRESS":"barbara.allen@internalmail"}
{"CUSTOMER_ID":"363","FULL_NAME":"Justin King","EMAIL_ADDRESS":"justin.king@internalmail"}
{"CUSTOMER_ID":"364","FULL_NAME":"Harold Griffin","EMAIL_ADDRESS":"harold.griffin@internalmail"}
{"CUSTOMER_ID":"365","FULL_NAME":"Jeffrey Coleman","EMAIL_ADDRESS":"jeffrey.coleman@internalmail"}
{"CUSTOMER_ID":"366","FULL_NAME":"Margaret Bennett","EMAIL_ADDRESS":"margaret.bennett@internalmail"}
{"CUSTOMER_ID":"367","FULL_NAME":"Cheryl Phillips","EMAIL_ADDRESS":"cheryl.phillips@internalmail"}
{"CUSTOMER_ID":"368","FULL_NAME":"Joan Miller","EMAIL_ADDRESS":"joan.miller@internalmail"}
{"CUSTOMER_ID":"369","FULL_NAME":"Chris Powell","EMAIL_ADDRESS":"chris.powell@internalmail"}
{"CUSTOMER_ID":"370","FULL_NAME":"Russell Rivera","EMAIL_ADDRESS":"russell.rivera@internalmail"}
{"CUSTOMER_ID":"371","FULL_NAME":"Nancy Hall","EMAIL_ADDRESS":"nancy.hall@internalmail"}
{"CUSTOMER_ID":"372","FULL_NAME":"Gerald Evans","EMAIL_ADDRESS":"gerald.evans@internalmail"}
{"CUSTOMER_ID":"373","FULL_NAME":"Jennifer Cooper","EMAIL_ADDRESS":"jennifer.cooper@internalmail"}
{"CUSTOMER_ID":"374","FULL_NAME":"Irene Moore","EMAIL_ADDRESS":"irene.moore@internalmail"}
{"CUSTOMER_ID":"375","FULL_NAME":"Sean Adams","EMAIL_ADDRESS":"sean.adams@internalmail"}
{"CUSTOMER_ID":"376","FULL_NAME":"Stephen Butler","EMAIL_ADDRESS":"stephen.butler@internalmail"}
{"CUSTOMER_ID":"377","FULL_NAME":"Adam Martinez","EMAIL_ADDRESS":"adam.martinez@internalmail"}
{"CUSTOMER_ID":"378","FULL_NAME":"Angela Bailey","EMAIL_ADDRESS":"angela.bailey@internalmail"}
{"CUSTOMER_ID":"379","FULL_NAME":"Pamela Gonzalez","EMAIL_ADDRESS":"pamela.gonzalez@internalmail"}
{"CUSTOMER_ID":"380","FULL_NAME":"Arthur Hill","EMAIL_ADDRESS":"arthur.hill@internalmail"}
{"CUSTOMER_ID":"381","FULL_NAME":"Jesse Nelson","EMAIL_ADDRESS":"jesse.nelson@internalmail"}
{"CUSTOMER_ID":"382","FULL_NAME":"Stephanie Jones","EMAIL_ADDRESS":"stephanie.jones@internalmail"}
{"CUSTOMER_ID":"383","FULL_NAME":"Robert Simmons","EMAIL_ADDRESS":"robert.simmons@internalmail"}
{"CUSTOMER_ID":"384","FULL_NAME":"Denise White","EMAIL_ADDRESS":"denise.white@internalmail"}
{"CUSTOMER_ID":"385","FULL_NAME":"Theresa Wilson","EMAIL_ADDRESS":"theresa.wilson@internalmail"}
{"CUSTOMER_ID":"386","FULL_NAME":"Andrea James","EMAIL_ADDRESS":"andrea.james@internalmail"}
{"CUSTOMER_ID":"387","FULL_NAME":"Steven Brown","EMAIL_ADDRESS":"steven.brown@internalmail"}
{"CUSTOMER_ID":"388","FULL_NAME":"Nicholas Diaz","EMAIL_ADDRESS":"nicholas.diaz@internalmail"}
{"CUSTOMER_ID":"389","FULL_NAME":"Justin Bailey","EMAIL_ADDRESS":"justin.bailey@internalmail"}
{"CUSTOMER_ID":"390","FULL_NAME":"Pamela Alexander","EMAIL_ADDRESS":"pamela.alexander@internalmail"}
{"CUSTOMER_ID":"391","FULL_NAME":"Edward Coleman","EMAIL_ADDRESS":"edward.coleman@internalmail"}
{"CUSTOMER_ID":"392","FULL_NAME":"Adam Miller","EMAIL_ADDRESS":"adam.miller@internalmail"}
{"CUSTOMER_ID":"1","FULL_NAME":"Tammy Bryant","EMAIL_ADDRESS":"tammy.bryant@internalmail"}
{"CUSTOMER_ID":"2","FULL_NAME":"Roy White","EMAIL_ADDRESS":"roy.white@internalmail"}
{"CUSTOMER_ID":"3","FULL_NAME":"Gary Jenkins","EMAIL_ADDRESS":"gary.jenkins@internalmail"}
{"CUSTOMER_ID":"4","FULL_NAME":"Victor Morris","EMAIL_ADDRESS":"victor.morris@internalmail"}
{"CUSTOMER_ID":"5","FULL_NAME":"Beverly Hughes","EMAIL_ADDRESS":"beverly.hughes@internalmail"}
{"CUSTOMER_ID":"6","FULL_NAME":"Evelyn Torres","EMAIL_ADDRESS":"evelyn.torres@internalmail"}
{"CUSTOMER_ID":"7","FULL_NAME":"Carl Lee","EMAIL_ADDRESS":"carl.lee@internalmail"}
{"CUSTOMER_ID":"8","FULL_NAME":"Douglas Flores","EMAIL_ADDRESS":"douglas.flores@internalmail"}
{"CUSTOMER_ID":"9","FULL_NAME":"Norma Robinson","EMAIL_ADDRESS":"norma.robinson@internalmail"}
{"CUSTOMER_ID":"10","FULL_NAME":"Gregory Sanchez","EMAIL_ADDRESS":"gregory.sanchez@internalmail"}
{"CUSTOMER_ID":"11","FULL_NAME":"Judy Evans","EMAIL_ADDRESS":"judy.evans@internalmail"}
{"CUSTOMER_ID":"12","FULL_NAME":"Jean Patterson","EMAIL_ADDRESS":"jean.patterson@internalmail"}
{"CUSTOMER_ID":"13","FULL_NAME":"Michelle Ramirez","EMAIL_ADDRESS":"michelle.ramirez@internalmail"}
{"CUSTOMER_ID":"14","FULL_NAME":"Elizabeth Martinez","EMAIL_ADDRESS":"elizabeth.martinez@internalmail"}
{"CUSTOMER_ID":"15","FULL_NAME":"Walter Rogers","EMAIL_ADDRESS":"walter.rogers@internalmail"}
{"CUSTOMER_ID":"16","FULL_NAME":"Ralph Foster","EMAIL_ADDRESS":"ralph.foster@internalmail"}
{"CUSTOMER_ID":"17","FULL_NAME":"Tina Simmons","EMAIL_ADDRESS":"tina.simmons@internalmail"}
{"CUSTOMER_ID":"18","FULL_NAME":"Peter Jones","EMAIL_ADDRESS":"peter.jones@internalmail"}
{"CUSTOMER_ID":"19","FULL_NAME":"Kathryn Rogers","EMAIL_ADDRESS":"kathryn.rogers@internalmail"}
{"CUSTOMER_ID":"20","FULL_NAME":"Dennis Lopez","EMAIL_ADDRESS":"dennis.lopez@internalmail"}
{"CUSTOMER_ID":"21","FULL_NAME":"Martha Baker","EMAIL_ADDRESS":"martha.baker@internalmail"}
{"CUSTOMER_ID":"22","FULL_NAME":"Raymond Bailey","EMAIL_ADDRESS":"raymond.bailey@internalmail"}
{"CUSTOMER_ID":"23","FULL_NAME":"Christopher Allen","EMAIL_ADDRESS":"christopher.allen@internalmail"}
{"CUSTOMER_ID":"24","FULL_NAME":"Jonathan Coleman","EMAIL_ADDRESS":"jonathan.coleman@internalmail"}
{"CUSTOMER_ID":"25","FULL_NAME":"Walter Turner","EMAIL_ADDRESS":"walter.turner@internalmail"}
{"CUSTOMER_ID":"26","FULL_NAME":"Anna Murphy","EMAIL_ADDRESS":"anna.murphy@internalmail"}
{"CUSTOMER_ID":"27","FULL_NAME":"Carol Alexander","EMAIL_ADDRESS":"carol.alexander@internalmail"}
{"CUSTOMER_ID":"28","FULL_NAME":"Teresa Brown","EMAIL_ADDRESS":"teresa.brown@internalmail"}
{"CUSTOMER_ID":"29","FULL_NAME":"Beverly Rivera","EMAIL_ADDRESS":"beverly.rivera@internalmail"}
{"CUSTOMER_ID":"30","FULL_NAME":"Lisa Hughes","EMAIL_ADDRESS":"lisa.hughes@internalmail"}
{"CUSTOMER_ID":"31","FULL_NAME":"Deborah Taylor","EMAIL_ADDRESS":"deborah.taylor@internalmail"}
{"CUSTOMER_ID":"32","FULL_NAME":"Cheryl Young","EMAIL_ADDRESS":"cheryl.young@internalmail"}
{"CUSTOMER_ID":"33","FULL_NAME":"Carolyn Wood","EMAIL_ADDRESS":"carolyn.wood@internalmail"}
{"CUSTOMER_ID":"34","FULL_NAME":"Patricia Robinson","EMAIL_ADDRESS":"patricia.robinson@internalmail"}
{"CUSTOMER_ID":"35","FULL_NAME":"Joshua Nelson","EMAIL_ADDRESS":"joshua.nelson@internalmail"}
{"CUSTOMER_ID":"36","FULL_NAME":"Mary Barnes","EMAIL_ADDRESS":"mary.barnes@internalmail"}
{"CUSTOMER_ID":"37","FULL_NAME":"Sandra Bennett","EMAIL_ADDRESS":"sandra.bennett@internalmail"}
{"CUSTOMER_ID":"38","FULL_NAME":"Jack Brooks","EMAIL_ADDRESS":"jack.brooks@internalmail"}
{"CUSTOMER_ID":"39","FULL_NAME":"Harry Powell","EMAIL_ADDRESS":"harry.powell@internalmail"}
{"CUSTOMER_ID":"40","FULL_NAME":"Ernest Foster","EMAIL_ADDRESS":"ernest.foster@internalmail"}
{"CUSTOMER_ID":"41","FULL_NAME":"Jeremy Howard","EMAIL_ADDRESS":"jeremy.howard@internalmail"}
{"CUSTOMER_ID":"42","FULL_NAME":"Adam Walker","EMAIL_ADDRESS":"adam.walker@internalmail"}
{"CUSTOMER_ID":"43","FULL_NAME":"Michael Marker","EMAIL_ADDRESS":"michael.marker@internalmail"}
{"CUSTOMER_ID":"44","FULL_NAME":"Kris Krill","EMAIL_ADDRESS":"kris.krill@internalmail"}
{"CUSTOMER_ID":"45","FULL_NAME":"Fred Fontain","EMAIL_ADDRESS":"fred.fontain@internalmail"}
{"CUSTOMER_ID":"46","FULL_NAME":"Alwin Elliott","EMAIL_ADDRESS":"alwin.elliott@internalmail"}
{"CUSTOMER_ID":"47","FULL_NAME":"Finian Park","EMAIL_ADDRESS":"finian.park@internalmail"}
{"CUSTOMER_ID":"48","FULL_NAME":"Florencia Hopkins","EMAIL_ADDRESS":"florencia.hopkins@internalmail"}
{"CUSTOMER_ID":"49","FULL_NAME":"Kaija Crawford","EMAIL_ADDRESS":"kaija.crawford@internalmail"}
{"CUSTOMER_ID":"50","FULL_NAME":"Kimiko Brien","EMAIL_ADDRESS":"kimiko.brien@internalmail"}
{"CUSTOMER_ID":"51","FULL_NAME":"Michael Harris","EMAIL_ADDRESS":"michael.harris@internalmail"}
{"CUSTOMER_ID":"52","FULL_NAME":"Lola Whitley","EMAIL_ADDRESS":"lola.whitley@internalmail"}
{"CUSTOMER_ID":"53","FULL_NAME":"Witney Rockwell","EMAIL_ADDRESS":"witney.rockwell@internalmail"}
{"CUSTOMER_ID":"54","FULL_NAME":"Kellan Ye","EMAIL_ADDRESS":"kellan.ye@internalmail"}
{"CUSTOMER_ID":"55","FULL_NAME":"Michael Kim","EMAIL_ADDRESS":"michael.kim@internalmail"}
{"CUSTOMER_ID":"56","FULL_NAME":"Tamika Hu","EMAIL_ADDRESS":"tamika.hu@internalmail"}
{"CUSTOMER_ID":"57","FULL_NAME":"Michael Smith","EMAIL_ADDRESS":"michael.smith@internalmail"}
{"CUSTOMER_ID":"58","FULL_NAME":"Shamira Jones","EMAIL_ADDRESS":"shamira.jones@internalmail"}
{"CUSTOMER_ID":"59","FULL_NAME":"Debbie Sawbridge","EMAIL_ADDRESS":"debbie.sawbridge@internalmail"}
{"CUSTOMER_ID":"60","FULL_NAME":"Clair Maldonado","EMAIL_ADDRESS":"clair.maldonado@internalmail"}
{"CUSTOMER_ID":"61","FULL_NAME":"Pedro Aenlo","EMAIL_ADDRESS":"pedro.aenlo@internalmail"}
{"CUSTOMER_ID":"62","FULL_NAME":"Nus Biollix","EMAIL_ADDRESS":"nus.biollix@internalmail"}
{"CUSTOMER_ID":"63","FULL_NAME":"Eva Ogatius","EMAIL_ADDRESS":"eva.ogatius@internalmail"}
{"CUSTOMER_ID":"64","FULL_NAME":"Harriet Auxus","EMAIL_ADDRESS":"harriet.auxus@internalmail"}
{"CUSTOMER_ID":"65","FULL_NAME":"Domingo Morano","EMAIL_ADDRESS":"domingo.morano@internalmail"}
{"CUSTOMER_ID":"66","FULL_NAME":"Glaubo Rinnaia","EMAIL_ADDRESS":"glaubo.rinnaia@internalmail"}
{"CUSTOMER_ID":"67","FULL_NAME":"Roberto Sipaia","EMAIL_ADDRESS":"roberto.sipaia@internalmail"}
{"CUSTOMER_ID":"68","FULL_NAME":"Emilio Sessaia","EMAIL_ADDRESS":"emilio.sessaia@internalmail"}
{"CUSTOMER_ID":"69","FULL_NAME":"Felix Auvacia","EMAIL_ADDRESS":"felix.auvacia@internalmail"}
{"CUSTOMER_ID":"70","FULL_NAME":"Santiago Vautus","EMAIL_ADDRESS":"santiago.vautus@internalmail"}
{"CUSTOMER_ID":"71","FULL_NAME":"Eduardo Flignia","EMAIL_ADDRESS":"eduardo.flignia@internalmail"}
{"CUSTOMER_ID":"72","FULL_NAME":"Raul Haelfeius","EMAIL_ADDRESS":"raul.haelfeius@internalmail"}
{"CUSTOMER_ID":"73","FULL_NAME":"Carlos Maza","EMAIL_ADDRESS":"carlos.maza@internalmail"}
{"CUSTOMER_ID":"74","FULL_NAME":"Alex Loera","EMAIL_ADDRESS":"alex.loera@internalmail"}
{"CUSTOMER_ID":"75","FULL_NAME":"Oscar Moye","EMAIL_ADDRESS":"oscar.moye@internalmail"}
{"CUSTOMER_ID":"76","FULL_NAME":"Daniella Almonte","EMAIL_ADDRESS":"daniella.almonte@internalmail"}
{"CUSTOMER_ID":"77","FULL_NAME":"Paz Montilla","EMAIL_ADDRESS":"paz.montilla@internalmail"}
{"CUSTOMER_ID":"78","FULL_NAME":"Gricelda Luebbers","EMAIL_ADDRESS":"gricelda.luebbers@internalmail"}
{"CUSTOMER_ID":"79","FULL_NAME":"Dean Bollich","EMAIL_ADDRESS":"dean.bollich@internalmail"}
{"CUSTOMER_ID":"80","FULL_NAME":"Milo Manoni","EMAIL_ADDRESS":"milo.manoni@internalmail"}
{"CUSTOMER_ID":"81","FULL_NAME":"Laurice Karl","EMAIL_ADDRESS":"laurice.karl@internalmail"}
{"CUSTOMER_ID":"82","FULL_NAME":"August Rupel","EMAIL_ADDRESS":"august.rupel@internalmail"}
{"CUSTOMER_ID":"83","FULL_NAME":"Salome Guisti","EMAIL_ADDRESS":"salome.guisti@internalmail"}
{"CUSTOMER_ID":"84","FULL_NAME":"Lovie Ritacco","EMAIL_ADDRESS":"lovie.ritacco@internalmail"}
{"CUSTOMER_ID":"85","FULL_NAME":"Chaya Greczkowski","EMAIL_ADDRESS":"chaya.greczkowski@internalmail"}
{"CUSTOMER_ID":"86","FULL_NAME":"Twila Coolbeth","EMAIL_ADDRESS":"twila.coolbeth@internalmail"}
{"CUSTOMER_ID":"87","FULL_NAME":"Carlotta Achenbach","EMAIL_ADDRESS":"carlotta.achenbach@internalmail"}
{"CUSTOMER_ID":"88","FULL_NAME":"Jeraldine Audet","EMAIL_ADDRESS":"jeraldine.audet@internalmail"}
{"CUSTOMER_ID":"89","FULL_NAME":"August Arouri","EMAIL_ADDRESS":"august.arouri@internalmail"}
{"CUSTOMER_ID":"90","FULL_NAME":"Ward Stepney","EMAIL_ADDRESS":"ward.stepney@internalmail"}
{"CUSTOMER_ID":"91","FULL_NAME":"Ayana Barkhurst","EMAIL_ADDRESS":"ayana.barkhurst@internalmail"}
{"CUSTOMER_ID":"92","FULL_NAME":"Luana Berends","EMAIL_ADDRESS":"luana.berends@internalmail"}
{"CUSTOMER_ID":"93","FULL_NAME":"Lecia Alvino","EMAIL_ADDRESS":"lecia.alvino@internalmail"}
{"CUSTOMER_ID":"94","FULL_NAME":"Joleen Himmelmann","EMAIL_ADDRESS":"joleen.himmelmann@internalmail"}
{"CUSTOMER_ID":"95","FULL_NAME":"Monty Kinnamon","EMAIL_ADDRESS":"monty.kinnamon@internalmail"}
{"CUSTOMER_ID":"96","FULL_NAME":"Dania Grizzard","EMAIL_ADDRESS":"dania.grizzard@internalmail"}
{"CUSTOMER_ID":"97","FULL_NAME":"Inez Yamnitz","EMAIL_ADDRESS":"inez.yamnitz@internalmail"}
{"CUSTOMER_ID":"98","FULL_NAME":"Fidel Creps","EMAIL_ADDRESS":"fidel.creps@internalmail"}
{"CUSTOMER_ID":"99","FULL_NAME":"Luis Pothoven","EMAIL_ADDRESS":"luis.pothoven@internalmail"}
{"CUSTOMER_ID":"100","FULL_NAME":"Bernardo Phoenix","EMAIL_ADDRESS":"bernardo.phoenix@internalmail"}
{"CUSTOMER_ID":"101","FULL_NAME":"Carolyne Centore","EMAIL_ADDRESS":"carolyne.centore@internalmail"}
{"CUSTOMER_ID":"102","FULL_NAME":"Cornell Pratico","EMAIL_ADDRESS":"cornell.pratico@internalmail"}
{"CUSTOMER_ID":"103","FULL_NAME":"Sam Rueb","EMAIL_ADDRESS":"sam.rueb@internalmail"}
{"CUSTOMER_ID":"104","FULL_NAME":"Shakita Sablock","EMAIL_ADDRESS":"shakita.sablock@internalmail"}
{"CUSTOMER_ID":"105","FULL_NAME":"Sandy Heffren","EMAIL_ADDRESS":"sandy.heffren@internalmail"}
{"CUSTOMER_ID":"106","FULL_NAME":"Tressa Coppens","EMAIL_ADDRESS":"tressa.coppens@internalmail"}
{"CUSTOMER_ID":"107","FULL_NAME":"Shira Arocho","EMAIL_ADDRESS":"shira.arocho@internalmail"}
{"CUSTOMER_ID":"108","FULL_NAME":"Carter Sacarello","EMAIL_ADDRESS":"carter.sacarello@internalmail"}
{"CUSTOMER_ID":"109","FULL_NAME":"Linda Merida","EMAIL_ADDRESS":"linda.merida@internalmail"}
{"CUSTOMER_ID":"110","FULL_NAME":"Winfred Sohn","EMAIL_ADDRESS":"winfred.sohn@internalmail"}
{"CUSTOMER_ID":"111","FULL_NAME":"Nestor Caparros","EMAIL_ADDRESS":"nestor.caparros@internalmail"}
{"CUSTOMER_ID":"112","FULL_NAME":"Brooks Craker","EMAIL_ADDRESS":"brooks.craker@internalmail"}
{"CUSTOMER_ID":"113","FULL_NAME":"Ruthann Nixa","EMAIL_ADDRESS":"ruthann.nixa@internalmail"}
{"CUSTOMER_ID":"114","FULL_NAME":"Kenny Campobasso","EMAIL_ADDRESS":"kenny.campobasso@internalmail"}
{"CUSTOMER_ID":"115","FULL_NAME":"Hildred Donnel","EMAIL_ADDRESS":"hildred.donnel@internalmail"}
{"CUSTOMER_ID":"116","FULL_NAME":"Luther Ardinger","EMAIL_ADDRESS":"luther.ardinger@internalmail"}
{"CUSTOMER_ID":"117","FULL_NAME":"Rhoda Hasfjord","EMAIL_ADDRESS":"rhoda.hasfjord@internalmail"}
{"CUSTOMER_ID":"118","FULL_NAME":"Cori Ablin","EMAIL_ADDRESS":"cori.ablin@internalmail"}
{"CUSTOMER_ID":"119","FULL_NAME":"Reinaldo Feltner","EMAIL_ADDRESS":"reinaldo.feltner@internalmail"}
{"CUSTOMER_ID":"120","FULL_NAME":"Coralee Acerno","EMAIL_ADDRESS":"coralee.acerno@internalmail"}
{"CUSTOMER_ID":"121","FULL_NAME":"Katherine Tagg","EMAIL_ADDRESS":"katherine.tagg@internalmail"}
{"CUSTOMER_ID":"122","FULL_NAME":"Lenore Sullivan","EMAIL_ADDRESS":"lenore.sullivan@internalmail"}
{"CUSTOMER_ID":"123","FULL_NAME":"erda Sheer","EMAIL_ADDRESS":"erda.sheer@internalmail"}
{"CUSTOMER_ID":"124","FULL_NAME":"Pete Chevis","EMAIL_ADDRESS":"pete.chevis@internalmail"}
{"CUSTOMER_ID":"125","FULL_NAME":"Joseph Wilke","EMAIL_ADDRESS":"joseph.wilke@internalmail"}
{"CUSTOMER_ID":"126","FULL_NAME":"Nella Rupnick","EMAIL_ADDRESS":"nella.rupnick@internalmail"}
{"CUSTOMER_ID":"127","FULL_NAME":"Azalee Goodwater","EMAIL_ADDRESS":"azalee.goodwater@internalmail"}
{"CUSTOMER_ID":"128","FULL_NAME":"Stefany Waninger","EMAIL_ADDRESS":"stefany.waninger@internalmail"}
{"CUSTOMER_ID":"129","FULL_NAME":"Arron Waclawski","EMAIL_ADDRESS":"arron.waclawski@internalmail"}
{"CUSTOMER_ID":"130","FULL_NAME":"Boyd Rearden","EMAIL_ADDRESS":"boyd.rearden@internalmail"}
{"CUSTOMER_ID":"131","FULL_NAME":"Erasmo Riviera","EMAIL_ADDRESS":"erasmo.riviera@internalmail"}
{"CUSTOMER_ID":"132","FULL_NAME":"Ambrose Hiday","EMAIL_ADDRESS":"ambrose.hiday@internalmail"}
{"CUSTOMER_ID":"133","FULL_NAME":"Horacio Rainbolt","EMAIL_ADDRESS":"horacio.rainbolt@internalmail"}
{"CUSTOMER_ID":"134","FULL_NAME":"Taylor Cauchon","EMAIL_ADDRESS":"taylor.cauchon@internalmail"}
{"CUSTOMER_ID":"135","FULL_NAME":"Marc Domanski","EMAIL_ADDRESS":"marc.domanski@internalmail"}
{"CUSTOMER_ID":"136","FULL_NAME":"Kaylene Lusco","EMAIL_ADDRESS":"kaylene.lusco@internalmail"}
{"CUSTOMER_ID":"137","FULL_NAME":"Norris Michener","EMAIL_ADDRESS":"norris.michener@internalmail"}
{"CUSTOMER_ID":"138","FULL_NAME":"Rob Kempt","EMAIL_ADDRESS":"rob.kempt@internalmail"}
{"CUSTOMER_ID":"139","FULL_NAME":"Elaine Moncure","EMAIL_ADDRESS":"elaine.moncure@internalmail"}
{"CUSTOMER_ID":"140","FULL_NAME":"Joshua Disano","EMAIL_ADDRESS":"joshua.disano@internalmail"}
{"CUSTOMER_ID":"141","FULL_NAME":"Lai Kurtich","EMAIL_ADDRESS":"lai.kurtich@internalmail"}
{"CUSTOMER_ID":"142","FULL_NAME":"Lucas Summerill","EMAIL_ADDRESS":"lucas.summerill@internalmail"}
{"CUSTOMER_ID":"143","FULL_NAME":"Vincent Hibberd","EMAIL_ADDRESS":"vincent.hibberd@internalmail"}
{"CUSTOMER_ID":"144","FULL_NAME":"Sharla Topper","EMAIL_ADDRESS":"sharla.topper@internalmail"}
{"CUSTOMER_ID":"145","FULL_NAME":"Andrew Schieferstein","EMAIL_ADDRESS":"andrew.schieferstein@internalmail"}
{"CUSTOMER_ID":"146","FULL_NAME":"Rey Wada","EMAIL_ADDRESS":"rey.wada@internalmail"}
{"CUSTOMER_ID":"147","FULL_NAME":"Jonell Pecatoste","EMAIL_ADDRESS":"jonell.pecatoste@internalmail"}
{"CUSTOMER_ID":"148","FULL_NAME":"Kurtis Parham","EMAIL_ADDRESS":"kurtis.parham@internalmail"}
{"CUSTOMER_ID":"149","FULL_NAME":"Quinn Yerdon","EMAIL_ADDRESS":"quinn.yerdon@internalmail"}
{"CUSTOMER_ID":"150","FULL_NAME":"Meg Vetterkind","EMAIL_ADDRESS":"meg.vetterkind@internalmail"}
{"CUSTOMER_ID":"151","FULL_NAME":"Alex Binette","EMAIL_ADDRESS":"alex.binette@internalmail"}
{"CUSTOMER_ID":"152","FULL_NAME":"Ali Brengle","EMAIL_ADDRESS":"ali.brengle@internalmail"}
{"CUSTOMER_ID":"153","FULL_NAME":"Jaimee Gammons","EMAIL_ADDRESS":"jaimee.gammons@internalmail"}
{"CUSTOMER_ID":"154","FULL_NAME":"Alva Halajian","EMAIL_ADDRESS":"alva.halajian@internalmail"}
{"CUSTOMER_ID":"155","FULL_NAME":"Latoria Siprasoeuth","EMAIL_ADDRESS":"latoria.siprasoeuth@internalmail"}
{"CUSTOMER_ID":"156","FULL_NAME":"Merlyn Summerford","EMAIL_ADDRESS":"merlyn.summerford@internalmail"}
{"CUSTOMER_ID":"157","FULL_NAME":"Nelson Koschnitzki","EMAIL_ADDRESS":"nelson.koschnitzki@internalmail"}
{"CUSTOMER_ID":"158","FULL_NAME":"Adeline Iannotti","EMAIL_ADDRESS":"adeline.iannotti@internalmail"}
{"CUSTOMER_ID":"159","FULL_NAME":"Saul Mokry","EMAIL_ADDRESS":"saul.mokry@internalmail"}
{"CUSTOMER_ID":"160","FULL_NAME":"Laveta Wida","EMAIL_ADDRESS":"laveta.wida@internalmail"}
{"CUSTOMER_ID":"161","FULL_NAME":"Dexter Petiet","EMAIL_ADDRESS":"dexter.petiet@internalmail"}
{"CUSTOMER_ID":"162","FULL_NAME":"Chet Morano","EMAIL_ADDRESS":"chet.morano@internalmail"}
{"CUSTOMER_ID":"163","FULL_NAME":"Jannie Thibideau","EMAIL_ADDRESS":"jannie.thibideau@internalmail"}
{"CUSTOMER_ID":"164","FULL_NAME":"Janey Fornell","EMAIL_ADDRESS":"janey.fornell@internalmail"}
{"CUSTOMER_ID":"165","FULL_NAME":"Gerda Bartha","EMAIL_ADDRESS":"gerda.bartha@internalmail"}
{"CUSTOMER_ID":"166","FULL_NAME":"Kristina Livshits","EMAIL_ADDRESS":"kristina.livshits@internalmail"}
{"CUSTOMER_ID":"167","FULL_NAME":"Matilda Toedebusch","EMAIL_ADDRESS":"matilda.toedebusch@internalmail"}
{"CUSTOMER_ID":"168","FULL_NAME":"Ami Dardar","EMAIL_ADDRESS":"ami.dardar@internalmail"}
{"CUSTOMER_ID":"169","FULL_NAME":"Desmond Lifschitz","EMAIL_ADDRESS":"desmond.lifschitz@internalmail"}
{"CUSTOMER_ID":"170","FULL_NAME":"Marco Slivka","EMAIL_ADDRESS":"marco.slivka@internalmail"}
{"CUSTOMER_ID":"171","FULL_NAME":"Danica Riogas","EMAIL_ADDRESS":"danica.riogas@internalmail"}
{"CUSTOMER_ID":"172","FULL_NAME":"Cathey Salen","EMAIL_ADDRESS":"cathey.salen@internalmail"}
{"CUSTOMER_ID":"173","FULL_NAME":"Tabetha Florentino","EMAIL_ADDRESS":"tabetha.florentino@internalmail"}
{"CUSTOMER_ID":"174","FULL_NAME":"Daisy Liddicoat","EMAIL_ADDRESS":"daisy.liddicoat@internalmail"}
{"CUSTOMER_ID":"175","FULL_NAME":"Jacklyn Niskala","EMAIL_ADDRESS":"jacklyn.niskala@internalmail"}
{"CUSTOMER_ID":"176","FULL_NAME":"Herb Tammen","EMAIL_ADDRESS":"herb.tammen@internalmail"}
{"CUSTOMER_ID":"177","FULL_NAME":"Verlie Ashland","EMAIL_ADDRESS":"verlie.ashland@internalmail"}
{"CUSTOMER_ID":"178","FULL_NAME":"Jacklyn Clippard","EMAIL_ADDRESS":"jacklyn.clippard@internalmail"}
{"CUSTOMER_ID":"179","FULL_NAME":"Verlie Bekerman","EMAIL_ADDRESS":"verlie.bekerman@internalmail"}
{"CUSTOMER_ID":"180","FULL_NAME":"Teisha Grimstead","EMAIL_ADDRESS":"teisha.grimstead@internalmail"}
{"CUSTOMER_ID":"181","FULL_NAME":"Scotty Goffredo","EMAIL_ADDRESS":"scotty.goffredo@internalmail"}
{"CUSTOMER_ID":"182","FULL_NAME":"Nelson Golz","EMAIL_ADDRESS":"nelson.golz@internalmail"}
{"CUSTOMER_ID":"183","FULL_NAME":"Jewel Clippard","EMAIL_ADDRESS":"jewel.clippard@internalmail"}
{"CUSTOMER_ID":"184","FULL_NAME":"Rudolph Bekerman","EMAIL_ADDRESS":"rudolph.bekerman@internalmail"}
{"CUSTOMER_ID":"185","FULL_NAME":"Laurice Grimstead","EMAIL_ADDRESS":"laurice.grimstead@internalmail"}
{"CUSTOMER_ID":"186","FULL_NAME":"Laurice Goffredo","EMAIL_ADDRESS":"laurice.goffredo@internalmail"}
{"CUSTOMER_ID":"187","FULL_NAME":"Scotty R Goffredo","EMAIL_ADDRESS":"scotty.r.goffredo@internalmail"}
{"CUSTOMER_ID":"188","FULL_NAME":"Emmett Golz","EMAIL_ADDRESS":"emmett.golz@internalmail"}
{"CUSTOMER_ID":"189","FULL_NAME":"Norman Lobregat","EMAIL_ADDRESS":"norman.lobregat@internalmail"}
{"CUSTOMER_ID":"190","FULL_NAME":"Tim Blasingim","EMAIL_ADDRESS":"tim.blasingim@internalmail"}
{"CUSTOMER_ID":"191","FULL_NAME":"Brandy Genco","EMAIL_ADDRESS":"brandy.genco@internalmail"}
{"CUSTOMER_ID":"192","FULL_NAME":"Jewel Pedroncelli","EMAIL_ADDRESS":"jewel.pedroncelli@internalmail"}
{"CUSTOMER_ID":"193","FULL_NAME":"Verda Puchalla","EMAIL_ADDRESS":"verda.puchalla@internalmail"}
{"CUSTOMER_ID":"194","FULL_NAME":"Norman Simon Lobregat","EMAIL_ADDRESS":"norman.s.lobregat@internalmail"}
{"CUSTOMER_ID":"195","FULL_NAME":"Tim Dominic Blasingim","EMAIL_ADDRESS":"tim.d.blasingim@internalmail"}
{"CUSTOMER_ID":"196","FULL_NAME":"Tim Genco","EMAIL_ADDRESS":"tim.genco@internalmail"}
{"CUSTOMER_ID":"197","FULL_NAME":"Hung Pedroncelli","EMAIL_ADDRESS":"hung.pedroncelli@internalmail"}
{"CUSTOMER_ID":"198","FULL_NAME":"Loyd Puchalla","EMAIL_ADDRESS":"loyd.puchalla@internalmail"}
{"CUSTOMER_ID":"199","FULL_NAME":"Eustolia Temores","EMAIL_ADDRESS":"eustolia.temores@internalmail"}
{"CUSTOMER_ID":"200","FULL_NAME":"Jessika Doorn","EMAIL_ADDRESS":"jessika.doorn@internalmail"}
{"CUSTOMER_ID":"201","FULL_NAME":"Marvis Chou","EMAIL_ADDRESS":"marvis.chou@internalmail"}
{"CUSTOMER_ID":"202","FULL_NAME":"Loyd Huckeba","EMAIL_ADDRESS":"loyd.huckeba@internalmail"}
{"CUSTOMER_ID":"203","FULL_NAME":"Leon Schoepfer","EMAIL_ADDRESS":"leon.schoepfer@internalmail"}
{"CUSTOMER_ID":"204","FULL_NAME":"Luigi Nored","EMAIL_ADDRESS":"luigi.nored@internalmail"}
{"CUSTOMER_ID":"205","FULL_NAME":"Thaddeus Geneseo","EMAIL_ADDRESS":"thaddeus.geneseo@internalmail"}
{"CUSTOMER_ID":"206","FULL_NAME":"Casey Chestand","EMAIL_ADDRESS":"casey.chestand@internalmail"}
{"CUSTOMER_ID":"207","FULL_NAME":"Pete Carvallo","EMAIL_ADDRESS":"pete.carvallo@internalmail"}
{"CUSTOMER_ID":"208","FULL_NAME":"Angel Sakoda","EMAIL_ADDRESS":"angel.sakoda@internalmail"}
{"CUSTOMER_ID":"209","FULL_NAME":"Donnell Huttle","EMAIL_ADDRESS":"donnell.huttle@internalmail"}
{"CUSTOMER_ID":"210","FULL_NAME":"Tyler Curlee","EMAIL_ADDRESS":"tyler.curlee@internalmail"}
{"CUSTOMER_ID":"211","FULL_NAME":"Markita Larner","EMAIL_ADDRESS":"markita.larner@internalmail"}
{"CUSTOMER_ID":"212","FULL_NAME":"Chante Parez","EMAIL_ADDRESS":"chante.parez@internalmail"}
{"CUSTOMER_ID":"213","FULL_NAME":"Alvin Gagner","EMAIL_ADDRESS":"alvin.gagner@internalmail"}
{"CUSTOMER_ID":"214","FULL_NAME":"Richard Howard","EMAIL_ADDRESS":"richard.howard@internalmail"}
{"CUSTOMER_ID":"215","FULL_NAME":"Donna Foster","EMAIL_ADDRESS":"donna.foster@internalmail"}
{"CUSTOMER_ID":"216","FULL_NAME":"Ruth Robinson","EMAIL_ADDRESS":"ruth.robinson@internalmail"}
{"CUSTOMER_ID":"217","FULL_NAME":"William Diaz","EMAIL_ADDRESS":"william.diaz@internalmail"}
{"CUSTOMER_ID":"218","FULL_NAME":"Susan Jenkins","EMAIL_ADDRESS":"susan.jenkins@internalmail"}
{"CUSTOMER_ID":"219","FULL_NAME":"Carol Barnes","EMAIL_ADDRESS":"carol.barnes@internalmail"}
{"CUSTOMER_ID":"220","FULL_NAME":"Sarah Murphy","EMAIL_ADDRESS":"sarah.murphy@internalmail"}
{"CUSTOMER_ID":"221","FULL_NAME":"Dorothy Gray","EMAIL_ADDRESS":"dorothy.gray@internalmail"}
{"CUSTOMER_ID":"222","FULL_NAME":"Ruth Graham","EMAIL_ADDRESS":"ruth.graham@internalmail"}
{"CUSTOMER_ID":"223","FULL_NAME":"Robert West","EMAIL_ADDRESS":"robert.west@internalmail"}
{"CUSTOMER_ID":"224","FULL_NAME":"Carol Metrick","EMAIL_ADDRESS":"carol.metrick@internalmail"}
{"CUSTOMER_ID":"225","FULL_NAME":"Li Robleto","EMAIL_ADDRESS":"li.robleto@internalmail"}
{"CUSTOMER_ID":"226","FULL_NAME":"Bert Takes","EMAIL_ADDRESS":"bert.takes@internalmail"}
{"CUSTOMER_ID":"227","FULL_NAME":"Son McLagan","EMAIL_ADDRESS":"son.mclagan@internalmail"}
{"CUSTOMER_ID":"228","FULL_NAME":"Van Seaforth","EMAIL_ADDRESS":"van.seaforth@internalmail"}
{"CUSTOMER_ID":"229","FULL_NAME":"Florance Bateman","EMAIL_ADDRESS":"florance.bateman@internalmail"}
{"CUSTOMER_ID":"230","FULL_NAME":"Bridgette Crevier","EMAIL_ADDRESS":"bridgette.crevier@internalmail"}
{"CUSTOMER_ID":"231","FULL_NAME":"Murray Vicario","EMAIL_ADDRESS":"murray.vicario@internalmail"}
{"CUSTOMER_ID":"232","FULL_NAME":"Loris Thibadeau","EMAIL_ADDRESS":"loris.thibadeau@internalmail"}
{"CUSTOMER_ID":"233","FULL_NAME":"Lakia Fitzen","EMAIL_ADDRESS":"lakia.fitzen@internalmail"}
{"CUSTOMER_ID":"234","FULL_NAME":"Angelo Carreon","EMAIL_ADDRESS":"angelo.carreon@internalmail"}
{"CUSTOMER_ID":"235","FULL_NAME":"Collene Guderjahn","EMAIL_ADDRESS":"collene.guderjahn@internalmail"}
{"CUSTOMER_ID":"236","FULL_NAME":"Trenton Stoermer","EMAIL_ADDRESS":"trenton.stoermer@internalmail"}
{"CUSTOMER_ID":"237","FULL_NAME":"Barry Tolliver","EMAIL_ADDRESS":"barry.tolliver@internalmail"}
{"CUSTOMER_ID":"238","FULL_NAME":"Lloyd Shackley","EMAIL_ADDRESS":"lloyd.shackley@internalmail"}
{"CUSTOMER_ID":"239","FULL_NAME":"Luciano Lingenfelter","EMAIL_ADDRESS":"luciano.lingenfelter@internalmail"}
{"CUSTOMER_ID":"240","FULL_NAME":"Edmund Hikel","EMAIL_ADDRESS":"edmund.hikel@internalmail"}
{"CUSTOMER_ID":"241","FULL_NAME":"Jolene Johannesen","EMAIL_ADDRESS":"jolene.johannesen@internalmail"}
{"CUSTOMER_ID":"242","FULL_NAME":"Raymon Survant","EMAIL_ADDRESS":"raymon.survant@internalmail"}
{"CUSTOMER_ID":"243","FULL_NAME":"Reyes Paczkowski","EMAIL_ADDRESS":"reyes.paczkowski@internalmail"}
{"CUSTOMER_ID":"244","FULL_NAME":"Freddie Kirkhart","EMAIL_ADDRESS":"freddie.kirkhart@internalmail"}
{"CUSTOMER_ID":"245","FULL_NAME":"Jamison Scrobola","EMAIL_ADDRESS":"jamison.scrobola@internalmail"}
{"CUSTOMER_ID":"246","FULL_NAME":"Rasheeda Teegarden","EMAIL_ADDRESS":"rasheeda.teegarden@internalmail"}
{"CUSTOMER_ID":"247","FULL_NAME":"Haywood Burd","EMAIL_ADDRESS":"haywood.burd@internalmail"}
{"CUSTOMER_ID":"248","FULL_NAME":"Eldon Lannon","EMAIL_ADDRESS":"eldon.lannon@internalmail"}
{"CUSTOMER_ID":"249","FULL_NAME":"Marissa Pontius","EMAIL_ADDRESS":"marissa.pontius@internalmail"}
{"CUSTOMER_ID":"250","FULL_NAME":"Otha Murton","EMAIL_ADDRESS":"otha.murton@internalmail"}
{"CUSTOMER_ID":"251","FULL_NAME":"Dannie McCoin","EMAIL_ADDRESS":"dannie.mccoin@internalmail"}
{"CUSTOMER_ID":"252","FULL_NAME":"Trey Gorham","EMAIL_ADDRESS":"trey.gorham@internalmail"}
{"CUSTOMER_ID":"253","FULL_NAME":"Nanci Bunt","EMAIL_ADDRESS":"nanci.bunt@internalmail"}
{"CUSTOMER_ID":"254","FULL_NAME":"Will Parliman","EMAIL_ADDRESS":"will.parliman@internalmail"}
{"CUSTOMER_ID":"255","FULL_NAME":"Justin Dorff","EMAIL_ADDRESS":"justin.dorff@internalmail"}
{"CUSTOMER_ID":"256","FULL_NAME":"Wyatt Tschache","EMAIL_ADDRESS":"wyatt.tschache@internalmail"}
{"CUSTOMER_ID":"257","FULL_NAME":"Chong Carpinelli","EMAIL_ADDRESS":"chong.carpinelli@internalmail"}
{"CUSTOMER_ID":"258","FULL_NAME":"Adan Lamica","EMAIL_ADDRESS":"adan.lamica@internalmail"}
{"CUSTOMER_ID":"259","FULL_NAME":"Beckie Lagrenade","EMAIL_ADDRESS":"beckie.lagrenade@internalmail"}
{"CUSTOMER_ID":"260","FULL_NAME":"Jacques Bartash","EMAIL_ADDRESS":"jacques.bartash@internalmail"}
{"CUSTOMER_ID":"261","FULL_NAME":"Buster Landin","EMAIL_ADDRESS":"buster.landin@internalmail"}
{"CUSTOMER_ID":"262","FULL_NAME":"Kendrick McMurtrey","EMAIL_ADDRESS":"kendrick.mcmurtrey@internalmail"}
{"CUSTOMER_ID":"263","FULL_NAME":"Jerrell Kereluk","EMAIL_ADDRESS":"jerrell.kereluk@internalmail"}
{"CUSTOMER_ID":"264","FULL_NAME":"Monroe Braylock","EMAIL_ADDRESS":"monroe.braylock@internalmail"}
{"CUSTOMER_ID":"265","FULL_NAME":"Anderson Keaffaber","EMAIL_ADDRESS":"anderson.keaffaber@internalmail"}
{"CUSTOMER_ID":"266","FULL_NAME":"Love Whistlehunt","EMAIL_ADDRESS":"love.whistlehunt@internalmail"}
{"CUSTOMER_ID":"267","FULL_NAME":"Petrina Gummo","EMAIL_ADDRESS":"petrina.gummo@internalmail"}
{"CUSTOMER_ID":"268","FULL_NAME":"Jeremiah Nuanes","EMAIL_ADDRESS":"jeremiah.nuanes@internalmail"}
{"CUSTOMER_ID":"269","FULL_NAME":"Shon Capetl","EMAIL_ADDRESS":"shon.capetl@internalmail"}
{"CUSTOMER_ID":"270","FULL_NAME":"Chasidy Fetui","EMAIL_ADDRESS":"chasidy.fetui@internalmail"}
{"CUSTOMER_ID":"271","FULL_NAME":"Dorsey Arking","EMAIL_ADDRESS":"dorsey.arking@internalmail"}
{"CUSTOMER_ID":"272","FULL_NAME":"Dagny Bumatay","EMAIL_ADDRESS":"dagny.bumatay@internalmail"}
{"CUSTOMER_ID":"273","FULL_NAME":"Elden Arancibia","EMAIL_ADDRESS":"elden.arancibia@internalmail"}
{"CUSTOMER_ID":"274","FULL_NAME":"Broderick Dourado","EMAIL_ADDRESS":"broderick.dourado@internalmail"}
{"CUSTOMER_ID":"275","FULL_NAME":"Elden Bufton","EMAIL_ADDRESS":"elden.bufton@internalmail"}
{"CUSTOMER_ID":"276","FULL_NAME":"Chassidy Hinderaker","EMAIL_ADDRESS":"chassidy.hinderaker@internalmail"}
{"CUSTOMER_ID":"277","FULL_NAME":"Broderick Faur","EMAIL_ADDRESS":"broderick.faur@internalmail"}
{"CUSTOMER_ID":"278","FULL_NAME":"Jewel Ginnery","EMAIL_ADDRESS":"jewel.ginnery@internalmail"}
{"CUSTOMER_ID":"279","FULL_NAME":"James Williams","EMAIL_ADDRESS":"james.williams@internalmail"}
{"CUSTOMER_ID":"280","FULL_NAME":"James Wilson","EMAIL_ADDRESS":"james.wilson@internalmail"}
{"CUSTOMER_ID":"281","FULL_NAME":"Mary Wilson","EMAIL_ADDRESS":"mary.wilson@internalmail"}
{"CUSTOMER_ID":"282","FULL_NAME":"Patricia Wilson","EMAIL_ADDRESS":"patricia.wilson@internalmail"}
{"CUSTOMER_ID":"283","FULL_NAME":"James Smith","EMAIL_ADDRESS":"james.smith@internalmail"}
{"CUSTOMER_ID":"284","FULL_NAME":"Zavert Zimmer","EMAIL_ADDRESS":"zavert.zimmer@internalmail"}
{"CUSTOMER_ID":"285","FULL_NAME":"Albert Altmeer","EMAIL_ADDRESS":"albert.altmeer@internalmail"}
